id,userName,firstName,lastName,password,phone
1,gderbyshire0,Gabby,Derbyshire,ypgboX2cg,4071589559
2,lshepheard1,Lorne,Shepheard,JbWBczY,6495215488
3,efawdery2,Esra,Fawdery,ahmMbLCzBFM,5798791883
4,ralbiston3,Rusty,Albiston,9bEsC8jbjYx,5867919576
5,esandwith4,Elyse,Sandwith,cUxfre,6657239107
6,dgeorge5,Dynah,George,WhAj0uTvqGH,1732881398
7,ilinner6,Inesita,Linner,vBbl5JOgW,1614234106
8,cnovak7,Corey,Novak,J4VvYb,3138508938
9,vsenogles8,Vaughn,Senogles,bVgRXtSGU,1766612679
10,fmoynham9,Felicio,Moynham,pWQ4fvgPuWE1,9757377616
11,deglina,Dela,Eglin,tD5l6a,8756678418
12,lclayhillb,Lucias,Clayhill,IoiskV3UNFU,8321766496
13,hhaquinc,Hanson,Haquin,dG2p97J07Bzc,9042978227
14,heddisforthd,Herc,Eddisforth,AIHyCYOQbF,1518571806
15,fellicocke,Frans,Ellicock,cqczyuw9q,6876051544
16,ctreharnef,Charlie,Treharne,K55VsAwH,1833767061
17,pwharramg,Pepe,Wharram,nlWm3VSQ,7092196151
18,umazilliush,Uta,Mazillius,w4cIJ1SsNM6,6971432268
19,lsherrini,Leeanne,Sherrin,pdlbavXhgcL,5964728796
20,ccatenotj,Claiborne,Catenot,MPNmyYU,8054594790